tipo_griglia,similarity
1,0.8948209875641198
2,0.8359304872639249
3,0.7398300378117161
4,0.08830215713766958
